k,diameter,covers,sec_radius,n_vertices,area,helper_in_wedges
0,127.71500961571381,1,63.857504807856905,4,1247.2745190036367,1
1,29.76356833332575,1,14.881784166662875,4,155.46472687644564,1
2,39.411480724201176,1,19.705740362100588,4,102.05501657133709,1
3,41.31552389931145,1,20.657761949655725,4,238.74995031428261,1
4,29.76732238915441,1,14.883661194577204,4,195.91195441088712,1
5,51.110835270965715,1,25.555417635482858,4,437.0737356132845,1
6,41.85402279445602,1,20.92701139722801,4,221.90410344196505,1
7,46.225126525480746,1,23.112563262740373,4,326.2733033522036,1
8,48.935222167334594,1,24.467611083667297,4,782.7030406541671,1
9,486.15548666829255,1,243.07774333414628,5,9541.886535946687,1
10,133.2740819624028,1,66.6370409812014,4,1998.2900720405305,1
11,78.41035835478067,1,39.205179177390335,4,1218.8652953472338,1
12,252.54682888202328,1,126.27341444101164,4,5011.057237826026,1
13,29.459071723712825,1,14.729535861856412,4,25.66362708718225,1
14,246.12937530794667,1,123.06468765397334,4,3802.63219942505,1
15,724.2258240024947,1,362.11291200124737,5,13238.542855645617,1
16,93.71032487946734,1,46.85516243973367,4,1057.6131609114236,1
17,41.063194298447335,1,20.531597149223668,4,336.02482788421366,1
18,132.21861267778397,1,66.10930633889198,4,1773.630442238733,1
19,112.59727828998749,1,56.29863914499374,4,798.7917747042702,1
20,256.8283409297922,1,128.4141704648961,4,4661.529464791165,1
21,523.7600189335683,1,261.88000946678414,5,14556.38767322556,1
22,660.1864068579354,1,330.0932034289677,4,7335.951349559633,1
23,31.07312386930799,1,15.536561934653996,4,92.12141088878707,1
24,842.7945019400578,0,421.446930957889,5,20308.669220596115,1
25,79.81453870111899,1,39.907269350559496,4,822.6241813046072,1
26,151.22441278651257,1,75.61220639325629,4,928.4761983052758,1
27,44.4776213972975,1,22.23881069864875,4,267.8423966348462,1
28,484.69915719277964,1,242.34957859638982,4,2664.5972545878085,1
29,93.13745183303502,1,46.56872591651751,4,1054.066976208007,1
30,226.9042855005983,1,113.45214275029915,5,6405.0392646316905,1
31,120.51323779428463,1,60.25661889714232,5,2757.70653361507,1
32,200.04479624257328,1,100.02239812128664,4,2271.0236931639365,1
33,326.79321676041036,1,163.39660838020518,4,3071.278113274806,1
34,226.13844094099085,0,113.13548332916088,5,4579.011548535462,1
35,132.38574553395176,1,66.19287276697588,4,2700.3250970787194,1
36,135.6976110777942,1,67.8488055388971,4,1983.8370577996466,1
37,62.63745272115559,1,31.318726360577795,4,831.3102576291712,1
38,130.38268038176557,1,65.19134019088278,4,1741.4736307520252,1
39,22.985911150607965,1,11.492955575303982,4,213.86812328727956,1
40,17.311979399342434,1,8.655989699671217,4,117.76680292642686,1
41,37.62242284279352,1,18.81121142139676,4,38.11457057134976,1
42,314.20813285300017,1,157.10406642650008,4,4073.114105556917,1
43,239.5889429836243,1,119.79447149181215,4,4325.710565889749,1
44,7.653510104287932,1,3.826755052143966,4,8.940298405077556,1
45,63.64596139079448,1,31.82298069539724,4,804.4636682022683,1
46,87.08194976923687,1,43.540974884618436,4,588.0546459474426,1
47,273.43942088743484,1,136.71971044371742,4,4168.693274967953,1
48,556.4661043868081,1,278.23305219340403,4,5808.405563307526,1
49,223.7887102656857,1,111.89435513284285,4,2950.3950217727397,1
50,800.0767636444203,0,400.07205072801133,4,19688.79490597456,0
51,688.5490070811702,1,344.2745035405851,4,10868.525063756955,1
52,455.3946316712014,1,227.6973158356007,4,5951.431582651636,1
53,324.5932132135197,0,162.3230074569225,3,5514.511952561297,1
54,113.18228381427166,1,56.59114190713583,4,1934.440602211791,1
55,672.8321733776608,1,336.4160866888304,4,7053.12773948289,1
56,210.30828690044208,1,105.15414345022104,4,2868.9246745932323,1
57,68.2898844364509,1,34.14494221822545,4,583.6141175641242,1
58,100.34955369179336,1,50.17477684589668,4,1383.5420204998081,1
59,489.20003288619785,1,244.60001644309892,4,6221.887008629303,1
60,254.6178768186027,1,127.30893840930135,4,4939.504124698171,1
61,73.31062106611995,1,36.655310533059975,4,769.2844573780603,1
62,218.24057612127785,1,109.12028806063893,4,3305.927178982689,1
63,157.73525515766497,1,78.86762757883248,4,2201.8625947856417,1
64,29.627710445027184,1,14.813855222513592,4,187.46047930982365,1
65,94.75456129133697,1,47.377280645668485,4,905.5723533382625,1
66,271.21819646438814,1,135.60909823219407,4,4100.017229286401,1
67,382.45715113891566,1,191.22857556945783,4,5392.875424731566,1
68,74.9567315967361,1,37.47836579836805,4,951.7578760601818,1
69,366.5431198586974,1,183.2715599293487,4,5122.5068402425895,1
70,23.966231508888608,1,11.983115754444304,4,155.37327505730968,1
71,16.698320036794733,1,8.349160018397367,4,100.78749280984266,1
72,884.0242367691928,0,442.017842213656,3,13244.453987211644,0
73,56.429247671006436,1,28.214623835503218,4,511.3604931989248,1
74,135.49323077877352,1,67.74661538938676,3,229.96685943863122,0
75,87.53551925573875,1,43.767759627869374,4,931.1594700803817,1
76,55.662793857065545,1,27.831396928532772,4,629.7518531696696,1
77,165.7223010259457,1,82.86115051297286,4,2327.4838026894286,1
78,411.12665764795037,1,205.56332882397518,4,6183.427451857635,1
79,53.338988025388296,1,26.669494012694148,3,39.781936195809976,0
80,60.114400371499606,1,30.057200185749803,4,719.8618184923616,1
81,22.756169578087064,1,11.378084789043532,4,195.74794992092646,1
82,946.8484278359009,1,473.42421391795045,5,12222.15936590932,1
83,102.49644749934872,1,51.24822374967436,4,1199.4676027177775,1
84,22.621775207535954,1,11.310887603767977,4,159.75734782929794,1
85,53.17213860722935,1,26.586069303614675,4,544.6129400179398,1
86,87.72007798619462,1,43.86003899309731,4,1143.029655401093,1
87,600.5987912482685,1,300.29939562413426,5,16415.35183520212,1
88,17.129220174848225,1,8.564610087424112,4,83.59409389825169,1
89,203.2188774354711,1,101.60943871773554,4,3508.712504471696,1
90,89.58676426160233,1,44.79338213080116,4,370.2648261234426,1
91,896.2680270915669,1,448.13401354578343,5,16774.408900502873,1
92,207.38737410914283,1,103.69368705457141,4,1293.5878193372919,1
93,597.2497867507382,1,298.6248933753691,5,9984.486722895792,1
94,161.17543347240584,1,80.58771673620292,4,2965.3584195235744,1
95,95.72778579880195,1,47.86389289940097,4,1102.7313951465749,1
96,27.51202058482819,1,13.756010292414095,4,203.68141739181124,1
97,12.004336274058828,1,6.002168137029414,4,13.819437946287508,1
98,1045.4825968282355,1,522.7412984141178,4,16661.712761929528,0
99,64.21201120625355,1,32.106005603126775,4,891.764138362043,1
100,199.22674928484702,1,99.61337464242351,4,2893.9849267886493,1
101,206.68250634488334,1,103.34125317244167,4,4005.751602078264,1
102,750.7333747234188,1,375.3666873617094,3,2993.0615281106802,0
103,410.1105392312044,1,205.0552696156022,4,6464.22393159612,1
104,308.37159648106416,1,154.18579824053208,4,5633.99079822193,1
105,252.18409226213186,1,126.09204613106593,4,4128.252149365828,1
106,33.47499111905488,1,16.73749555952744,4,371.72341689733366,1
107,18.215026743615088,1,9.107513371807544,4,48.382962052044604,1
108,327.7790876009545,1,163.88954380047724,5,8148.809565346834,1
109,323.05049793558055,1,161.52524896779028,4,6223.844847178436,1
110,336.8395013971717,1,168.41975069858586,4,5317.473998497095,1
111,174.0630966185527,1,87.03154830927635,4,1981.6582442820727,1
112,110.04015716704957,1,55.020078583524786,4,1273.8584365650313,1
113,54.05729534558331,1,27.028647672791656,4,561.9574601190543,1
114,284.1753473486503,1,142.08767367432515,4,5568.811333265039,1
115,24.907827353198766,1,12.453913676599383,4,105.83627906271067,1
116,684.7028731845896,0,342.3922319190462,5,16059.65628662071,1
117,627.0691315736868,0,313.53850292254367,3,11781.219239695842,0
118,1237.522689677221,1,618.7613448386105,4,23072.78069093838,0
119,360.356386697542,1,180.178193348771,5,7273.730719610117,1
120,774.3812831493166,1,387.1906415746583,5,11417.014623017702,1
121,291.73895632598305,1,145.86947816299153,5,5427.912114492006,1
122,69.02512682976031,1,34.512563414880155,4,834.3398250907339,1
123,514.036945155033,0,257.0939292306597,5,14293.401426267941,1
124,118.19637683217697,1,59.09818841608848,4,1837.2521916036058,1
125,219.47571416479198,1,109.73785708239599,4,1313.43769638527,1
126,1017.1288211879373,0,508.5760277777818,5,23295.862266318345,0
127,78.33570340393887,1,39.16785170196943,4,825.6104049536661,1
128,287.33918854405624,1,143.66959427202812,4,5550.095240416471,1
129,163.2474735104376,1,81.6237367552188,4,2842.784699070675,1
130,443.06859860987083,1,221.53429930493542,4,2572.6707052689217,1
131,82.03737350678378,1,41.01868675339189,4,888.9967016107476,1
132,540.6369444381626,1,270.3184722190813,4,8311.365466324263,1
133,80.10267288408704,1,40.05133644204352,4,1313.2611874598806,1
134,287.0795543342016,1,143.5397771671008,4,4006.8702413567225,1
135,205.81086620097284,1,102.90543310048642,4,3963.6690278676106,1
136,37.576496829165585,1,18.788248414582792,4,485.54223533170443,1
137,136.31810094890824,1,68.15905047445412,4,2088.8786823566334,1
138,40.53315334711515,1,20.266576673557577,4,374.9572619492974,1
139,129.00535939593993,1,64.50267969796997,4,1725.5704825485227,1
140,1273.9371394646068,1,636.9685697323034,4,17096.815900643713,0
141,39.5263365128377,1,19.76316825641885,4,260.2377082379571,1
142,204.38598073077185,1,102.19299036538592,4,2688.163080112543,1
143,67.6330441048181,1,33.81652205240905,4,696.9915100370781,1
144,57.634441816567566,1,28.817220908283783,4,864.3396354379802,1
145,375.0573490355343,1,187.52867451776714,5,10302.360278928827,1
146,281.4727393648903,1,140.73636968244514,4,3640.2632643865,1
147,93.0882400197218,1,46.5441200098609,4,1389.7244109842286,1
148,103.55088094532526,1,51.77544047266263,4,1234.5651022033562,1
149,25.4133583217791,1,12.70667916088955,4,279.58080821730255,1
150,99.88400185213325,1,49.942000926066626,4,1182.6054855201146,1
151,159.57420692746365,1,79.78710346373182,4,3063.556950877177,1
152,91.11369970782731,1,45.556849853913654,4,1476.716047193826,1
153,943.4027348267398,1,471.7013674133699,5,12182.662844984981,1
154,927.0957673368324,1,463.5478836684162,5,15798.701427098502,1
155,192.76534274446473,1,96.38267137223237,4,2738.2630225313187,1
156,82.82811769658592,1,41.41405884829296,4,1138.7486765632057,1
157,527.2505013368008,1,263.6252506684004,4,8868.253177635459,1
158,96.46451965828992,1,48.23225982914496,4,917.7096682854899,1
159,140.4266528949072,1,70.2133264474536,4,1401.1562225994567,1
160,19.359633095196017,1,9.679816547598008,4,93.0991201799784,1
161,33.397280586713485,1,16.698640293356743,4,234.34307137980431,1
162,624.6503052329415,1,312.32515261647075,5,10900.269333250617,1
163,60.11349019401307,1,30.056745097006534,4,1007.094266961838,1
164,173.72918740420099,1,86.86459370210049,4,2885.1304755583405,1
165,304.78863620953877,1,152.39431810476938,4,4474.941329632657,1
166,89.21322426970879,1,44.606612134854394,4,982.2373884325207,1
167,105.90700354613705,1,52.953501773068524,4,1257.7556071247964,1
168,103.52737626730924,1,51.76368813365462,4,1025.862695602933,1
169,17.10456684553831,1,8.552283422769156,4,90.28668381472016,1
170,68.66958151790595,1,34.33479075895298,4,965.0812446082564,1
171,142.3431209179761,1,71.17156045898805,4,2150.050904039759,1
172,42.338802567166006,1,21.169401283583003,4,376.82671985287016,1
173,246.33148066154791,1,123.16574033077396,4,3174.462314524113,1
174,46.20008658995033,1,23.100043294975166,4,607.2212909757218,1
175,193.86365601855513,1,96.93182800927757,4,2418.796155261225,1
176,86.70559995259627,1,43.35279997629814,4,1187.867498837688,1
177,415.9387791568311,1,207.96938957841556,4,7010.376132147867,1
178,270.44212508092767,1,135.22106254046383,4,2475.916046444705,1
179,45.54706896749713,1,22.773534483748566,4,476.6116242387907,1
180,62.19809893398325,1,31.099049466991627,4,834.8592553873532,1
181,98.30013708867756,1,49.15006854433878,4,1283.4467881773016,1
182,366.1956658864047,1,183.09783294320235,4,4342.503126560845,1
183,568.4285699314668,0,284.23163935656027,6,10854.594162015346,1
184,1038.895185949475,1,519.4475929747375,4,6470.95365886834,0
185,450.7439387312821,1,225.37196936564106,4,2816.3492482790607,1
186,298.02329849185287,1,149.01164924592644,4,3510.2202348948776,1
187,18.606483706100466,1,9.303241853050233,4,131.47867082116136,1
188,55.31716814750192,1,27.65858407375096,4,541.4550547901163,1
189,912.3794720929815,1,456.18973604649074,4,15505.718198722534,0
190,359.7462167455472,1,179.8731083727736,4,2124.12436873122,1
191,170.3338498994722,1,85.1669249497361,4,2839.787459551968,1
192,19.755839925014314,1,9.877919962507157,4,137.59068614013813,1
193,305.5660189352032,1,152.7830094676016,4,4570.215361724797,1
194,49.379006550396646,1,24.689503275198323,4,558.8959316604887,1
195,102.7633262872225,1,51.38166314361125,4,775.1609330050705,1
196,62.27471719717638,1,31.13735859858819,4,974.6518111134174,1
197,91.17125623399136,1,45.58562811699568,4,1024.5500618060978,1
198,653.4081546987458,1,326.7040773493729,5,12433.027204314501,1
199,141.12350004327484,1,70.56175002163742,4,2457.8360698431497,1
200,93.68938337322092,1,46.84469168661046,4,994.1917890854966,1
201,65.03660165108579,1,32.518300825542894,4,955.9599263151031,1
202,94.66821728247771,1,47.334108641238856,4,1318.894158666284,1
203,195.98653986162958,1,97.99326993081479,5,3895.276475990191,1
204,798.8660442199365,1,399.43302210996825,5,14930.499533884082,1
205,866.5873494989486,1,433.2936747494743,5,20311.080398031758,1
206,205.19659602048552,1,102.59829801024276,4,2636.997576356458,1
207,84.0030238763733,1,42.00151193818665,4,1023.3469431808771,1
208,14.650312658343838,1,7.325156329171919,4,91.94568378932308,1
209,258.60428307891385,1,129.30214153945693,4,3295.720778856794,1
210,484.35959813410955,1,242.17979906705477,4,6841.32009522898,1
211,687.4979660032091,1,343.74898300160453,4,8019.431173687713,1
212,59.659378422441804,1,29.829689211220902,4,614.5157865779111,1
213,213.04731038351846,1,106.52365519175923,4,3206.420650805805,1
214,37.11898103279823,1,18.559490516399116,4,491.411712851575,1
215,326.5512420762964,1,163.2756210381482,4,5743.06246418778,1
216,71.37880040577282,1,35.68940020288641,4,754.4374465740402,1
217,520.8292610333027,0,260.48643947427286,5,13783.86186633649,1
218,22.443559910492834,1,11.221779955246417,3,73.8462476428831,1
219,79.28498104998826,1,39.64249052499413,4,918.8143974544619,1
220,120.71196200768887,1,60.355981003844434,4,945.8332915040373,1
221,89.42432451402571,1,44.71216225701286,4,1273.9431260726706,1
222,105.04096056537297,1,52.520480282686485,4,1614.8418067412276,1
223,82.97952220706573,1,41.489761103532864,4,1102.5045916013842,1
224,762.4361832107824,0,381.25009920075837,4,14178.157738952992,0
225,42.02876905465137,1,21.014384527325685,4,476.8267516162541,1
226,383.95081034864995,1,191.97540517432498,5,7359.265380164317,1
227,144.34219108226478,1,72.17109554113239,4,1716.9223667707774,1
228,113.7047260636877,1,56.85236303184385,4,1765.3398712570342,1
229,14.611012331578973,1,7.305506165789486,4,63.15856043385884,1
230,228.5828795193811,1,114.29143975969055,4,3716.669064571397,1
231,18.342932628357453,1,9.171466314178726,4,58.30938230546781,1
232,40.612712475400556,1,20.306356237700278,4,291.6946483632132,1
233,95.7992452907137,1,47.89962264535685,4,1056.6046436192628,1
234,460.39536623422833,1,230.19768311711417,4,4992.3191832476,1
235,263.1940522136135,1,131.59702610680674,4,4459.82349113292,1
236,66.51252536154448,1,33.25626268077224,4,662.93046255636,1
237,24.016493491922812,1,12.008246745961406,4,85.47278936996008,1
238,387.35102954336264,1,193.67551477168132,4,6498.092373890606,1
239,265.6266039193974,1,132.8133019596987,4,5782.938083915127,1
240,44.85325010641578,1,22.42662505320789,4,225.76257063181765,1
241,40.55781402932915,1,20.278907014664576,4,304.1159080229354,1
242,97.22530644076534,1,48.61265322038267,4,1167.072591747954,1
243,141.92415866170745,1,70.96207933085373,4,2163.855052787396,1
244,62.12509309835901,1,31.062546549179505,4,746.1098595555595,1
245,70.27089531003517,1,35.135447655017586,4,906.4696368370933,1
246,154.69773553467178,1,77.34886776733589,4,1483.3288678063545,1
247,87.45118201137889,1,43.725591005689445,4,1348.0045565301843,1
248,700.9366103662366,1,350.4683051831183,4,9691.48877919768,1
249,1007.3282451032992,1,503.6641225516496,4,23022.230590846026,0
250,501.3848462088229,1,250.69242310441146,5,10441.424792017671,1
251,509.79747015808397,1,254.89873507904198,4,7474.098580475518,1
252,203.42415296168224,1,101.71207648084112,4,3351.3092148118885,1
253,57.899890495573885,1,28.949945247786943,4,423.81895293131674,1
254,22.91414744822074,1,11.45707372411037,4,180.2967629951454,1
255,24.811695351885458,1,12.405847675942729,4,156.1287280084834,1
256,31.00588334206566,1,15.50294167103283,4,297.1852175250224,1
257,126.49716924011416,1,63.24858462005708,4,1041.4409864254558,1
258,179.63327078312838,1,89.81663539156419,4,2636.030033548108,1
259,35.59662652154901,1,17.798313260774506,4,269.36133989198106,1
260,193.7375845842861,1,96.86879229214306,4,1804.550147284348,1
261,96.96244074596487,1,48.481220372982435,4,545.7754841242008,1
262,75.49405214933239,1,37.747026074666195,4,506.21553582807064,1
263,206.12044870260561,1,103.06022435130281,4,3406.86562030029,1
264,353.4304368165092,1,176.7152184082546,4,5916.531878507463,1
265,57.049137751168104,1,28.524568875584052,4,673.5393567981737,1
266,39.398528167118435,1,19.699264083559218,4,427.11827364607416,1
267,345.3467613194805,1,172.67338065974025,4,3241.6483626433765,1
268,178.53137631562157,1,89.26568815781079,4,2883.280306222601,1
269,351.0650521510573,1,175.53252607552864,5,9006.0942476661,1
270,889.6554521019663,1,444.82772605098313,5,18143.065844716053,1
271,229.70008897609975,1,114.85004448804987,4,1527.4257218635757,1
272,69.71865052365752,1,34.85932526182876,4,737.9784879148647,1
273,37.88229425094779,1,18.941147125473893,4,342.31488959172566,1
274,358.7639894811789,1,179.38199474058945,5,7771.425954301725,1
275,103.24681655357332,1,51.62340827678666,4,1444.170247535687,1
276,62.379243156916154,1,31.189621578458077,4,705.9652768295437,1
277,322.5036147318307,1,161.25180736591534,5,6518.61224942634,1
278,58.15961505205618,1,29.07980752602809,4,913.4864362326116,1
279,238.0763536820545,1,119.03817684102725,4,4545.852966480947,1
280,176.4066070780831,1,88.20330353904156,4,2925.8196192016767,1
281,64.75423509858584,1,32.37711754929292,4,533.3301903463453,1
282,120.5870320461104,1,60.2935160230552,4,1387.3831613050716,1
283,44.87240539071423,1,22.436202695357114,4,498.07350263674016,1
284,93.63283423272559,1,46.81641711636279,4,1845.2696527240332,1
285,84.57324496391372,1,42.28662248195686,4,1243.728345476251,1
286,64.7891399011257,1,32.39456995056285,4,679.5623368740489,1
287,144.79938537825706,1,72.39969268912853,5,3336.606619851751,1
288,357.9369663710445,1,178.96848318552225,4,2591.8691526246366,1
289,18.21025806957706,1,9.10512903478853,4,55.2963726788054,1
290,44.95790083913992,1,22.47895041956996,4,467.12748087296586,1
291,166.01149017917442,1,83.00574508958721,4,2804.434082175285,1
292,360.8159573808616,1,180.4079786904308,4,5185.331252938493,1
293,438.4204541291976,1,219.2102270645988,4,4876.082779379576,1
294,186.77099692243684,1,93.38549846121842,4,1976.3832648297248,1
295,73.09256740612476,1,36.54628370306238,4,923.6246594459226,1
296,1067.6476031368209,1,533.8238015684104,5,15589.058172195328,1
297,669.8703428051725,1,334.93517140258626,4,10286.625972153153,1
298,128.9844701186243,1,64.49223505931215,4,1364.1604913214069,1
299,313.95289148460563,1,156.97644574230281,4,4444.295912399176,1
300,192.04846863468106,1,96.02423431734053,4,1619.7100313626725,1
301,57.923549608623325,1,28.961774804311663,4,686.5610693723265,1
302,260.48796666466046,1,130.24398333233023,4,2969.5712639437697,1
303,229.88760278686772,1,114.94380139343386,4,3545.9295127742807,1
304,292.18991379612055,1,146.09495689806027,4,4539.707529076943,1
305,39.997661629963275,1,19.998830814981638,4,313.1711043997566,1
306,13.0305844084171,1,6.51529220420855,4,69.90392715394918,1
307,493.6553532987849,1,246.82767664939246,4,7639.09946442068,1
308,120.24511815711065,1,60.12255907855533,4,1056.5024163432463,1
309,55.795772600608004,1,27.897886300304002,4,274.3466697575968,1
310,91.55427768888273,1,45.77713884444137,4,858.2204887072585,1
311,135.7926983942573,1,67.89634919712864,4,3024.127428760563,1
312,235.5171559425217,1,117.75857797126085,4,3354.4649522435357,1
313,669.4841430939825,1,334.74207154699127,5,15680.318012993346,1
314,166.30085068597438,1,83.15042534298719,4,3146.530246065842,1
315,577.7754318192742,1,288.8877159096371,4,9741.785082414375,1
316,33.3059458394935,1,16.65297291974675,4,174.71026713994343,1
317,1349.6044079281985,1,674.8022039640992,4,24124.65395960115,0
318,112.61868847714447,1,56.30934423857224,4,1966.2791269904847,1
319,218.38409268885925,0,109.31109681360374,3,3822.6045450347883,1
320,119.15008425885058,1,59.57504212942529,4,1414.3828148178145,1
321,340.56103334516683,1,170.28051667258342,5,8821.655564811372,1
322,615.1629262460974,1,307.5814631230487,5,13044.532893794094,1
323,116.40688373213578,1,58.20344186606789,4,1180.4139785671578,1
324,29.790098213319933,1,14.895049106659966,4,315.552300687973,1
325,130.84059732774477,1,65.42029866387239,4,1192.6037564623439,1
326,373.02364519612854,1,186.51182259806427,4,7508.126189382514,1
327,436.8030772458936,1,218.4015386229468,4,5991.578729381508,1
328,350.05449507768634,1,175.02724753884317,4,3072.00455794303,1
329,357.89741601270396,1,178.94870800635198,4,5335.488020315795,1
330,50.31718200876511,1,25.158591004382554,4,164.450350948704,1
331,14.281113419969031,1,7.140556709984516,4,73.16549768677442,1
332,51.58434606663179,1,25.792173033315894,4,490.5742130215003,1
333,52.255887965474344,1,26.127943982737172,4,571.9028384772537,1
334,284.66403630767553,1,142.33201815383777,4,4680.558596242408,1
335,52.85166988719774,1,26.42583494359887,4,584.4271094945134,1
336,253.3314631980111,1,126.66573159900555,4,4642.526239198021,1
337,147.18140149629937,1,73.59070074814969,4,2478.3541947855847,1
338,54.498745477565485,1,27.249372738782743,4,315.97649671098134,1
339,308.8876889007693,1,154.44384445038466,5,6785.8133672823315,1
340,734.1965754995872,0,367.10255696204536,5,13491.42679051311,1
341,467.9620555286706,1,233.9810277643353,5,11859.404914243583,1
342,636.4695261832311,1,318.23476309161555,5,11215.499422063975,1
343,165.07411678575485,1,82.53705839287743,4,2254.0160928918194,1
344,54.61578404778462,1,27.30789202389231,4,515.494453569394,1
345,139.58241897636765,1,69.79120948818382,4,1850.8462778646644,1
346,109.84038885297251,1,54.920194426486255,4,1637.6544720752863,1
347,672.6187450023463,0,336.3371623110612,5,10538.596576441181,1
348,19.5041443227249,1,9.75207216136245,4,121.3069754367134,1
349,398.8742614933524,1,199.4371307466762,5,6187.271918675047,1
350,655.2152264832291,1,327.60761324161456,5,15765.532822402602,1
351,113.62338362231395,1,56.811691811156976,6,2626.3415926743764,1
352,621.2565441466772,1,310.6282720733386,4,8214.161626310568,1
353,103.06655847756329,1,51.533279238781645,4,829.6402101769722,1
354,42.74617245949418,1,21.37308622974709,4,308.3152490147477,1
355,50.597388986603676,1,25.298694493301838,4,335.5686096511199,1
356,96.52131210620607,1,48.260656053103034,4,879.8019229137863,1
357,219.11902367341148,1,109.55951183670574,4,2270.169415726832,1
358,315.41370236786594,1,157.70685118393297,4,6160.610843876915,1
359,287.0043688328931,1,143.50218441644654,4,4390.39182838882,1
360,489.8376992178804,1,244.9188496089402,4,6519.664802257525,1
361,446.29005695121765,1,223.14502847560883,5,10941.16194951578,1
362,163.77551279305914,1,81.88775639652957,3,1629.2587292130338,1
363,90.51996967738755,1,45.259984838693775,4,429.8366459374229,1
364,351.96834033050254,1,175.98417016525127,4,6488.8379200237105,1
365,175.63278919732045,1,87.81639459866022,4,3323.521715484094,1
366,828.1314148068471,1,414.0657074034236,5,16544.96224517189,0
367,54.127493236376345,1,27.063746618188173,4,681.0922504246555,1
368,432.246080986886,1,216.123040493443,4,7422.706916935858,1
369,1340.9679555959985,0,670.4842619222958,5,12261.655484015326,0
370,91.61998078516889,1,45.809990392584446,4,1537.8447486523655,1
371,195.503710277163,1,97.7518551385815,4,1621.7918081641728,1
372,110.90165483108224,1,55.45082741554112,4,1786.7011743226176,1
373,1126.7565125772621,1,563.3782562886311,5,16031.809438330878,1
374,79.85622928967433,1,39.928114644837166,4,409.80539529273665,1
375,794.0012642347048,1,397.0006321173524,4,5882.617787764888,1
376,1209.9804459554778,1,604.9902229777389,5,20308.13884126371,0
377,24.74884370755636,1,12.37442185377818,4,160.31496204876566,1
378,825.2036825361113,0,412.60197267576206,5,20083.47262759677,1
379,108.39025520213262,1,54.19512760106631,4,2111.8839604510576,1
380,411.1421246460224,1,205.5710623230112,4,7061.444022355743,1
381,44.8114145750242,1,22.4057072875121,4,460.01070425145735,1
382,266.27781796330333,1,133.13890898165167,4,3674.471289450379,1
383,187.93715203910588,1,93.96857601955294,4,3013.68377891773,1
384,55.958502862753996,1,27.979251431376998,4,624.8674999272407,1
385,121.3055410799052,1,60.6527705399526,4,682.3100470930267,1
386,116.87449299169256,1,58.43724649584628,4,2015.8151188961638,1
387,260.6471880066721,1,130.32359400333604,4,4287.364007774329,1
388,52.18420507689299,1,26.092102538446493,4,452.5038500090086,1
389,1047.742446462161,1,523.8712232310805,4,10251.405942549995,1
390,102.80176547737638,1,51.40088273868819,4,1763.140147046377,1
391,304.39220755288176,1,152.19610377644088,4,2055.7594732435573,1
392,46.41914851791442,1,23.20957425895721,4,450.96704523803055,1
393,193.94738857935235,1,96.97369428967617,4,2439.2747764018277,1
394,30.932261612706693,1,15.466130806353346,4,231.37575974030642,1
395,280.0847745332164,1,140.0423872666082,4,4192.176566037204,1
396,32.1732970433271,1,16.08664852166355,4,244.52303838610896,1
397,94.42987676521065,1,47.214938382605325,4,824.609691646292,1
398,952.184578936945,0,476.16632000291736,4,24094.404603326955,0
399,48.92441020220309,1,24.462205101101546,4,498.3862065744761,1
